INSERT INTO locations (id, name, x, y, head) VALUES (1, 'Kyiv', 0, 0, TRUE)
INSERT INTO locations (id, name, x, y, head) VALUES (2, 'Lviv', 180, 200, TRUE)
INSERT INTO locations (id, name, x, y, head) VALUES (3, 'Odessa', 450, 500, FALSE)
INSERT INTO locations (id, name, x, y, head) VALUES (4, 'Dnipro', -100, 600, FALSE)
INSERT INTO locations (id, name, x, y, head) VALUES (5, 'Kharkiv', 100, 700, FALSE)
INSERT INTO locations (id, name, x, y, head) VALUES (6, 'Zhytomyr', 150, 120, TRUE)
INSERT INTO locations (id, name, x, y, head) VALUES (7, 'Kherson', 200, 400, FALSE)
INSERT INTO locations (id, name, x, y, head) VALUES (8, 'Poltava', 700, 10, FALSE)

INSERT INTO route (id, name, id_head) VALUES (1, 'big route', 1)
INSERT INTO route (id, name, id_head) VALUES (2, 'small route', 2)
INSERT INTO route (id, name, id_head) VALUES (3, 'new route', 6)

INSERT INTO location_route (id_route, id_location) VALUES (1, 1)
INSERT INTO location_route (id_route, id_location) VALUES (1, 2)
INSERT INTO location_route (id_route, id_location) VALUES (1, 3)
INSERT INTO location_route (id_route, id_location) VALUES (1, 5)
INSERT INTO location_route (id_route, id_location) VALUES (1, 6)
INSERT INTO location_route (id_route, id_location) VALUES (1, 8)
INSERT INTO location_route (id_route, id_location) VALUES (2, 1)
INSERT INTO location_route (id_route, id_location) VALUES (2, 2)
INSERT INTO location_route (id_route, id_location) VALUES (2, 3)
INSERT INTO location_route (id_route, id_location) VALUES (2, 6)
INSERT INTO location_route (id_route, id_location) VALUES (2, 7)
INSERT INTO location_route (id_route, id_location) VALUES (2, 8)
INSERT INTO location_route (id_route, id_location) VALUES (3, 1)
INSERT INTO location_route (id_route, id_location) VALUES (3, 2)
INSERT INTO location_route (id_route, id_location) VALUES (3, 3)
INSERT INTO location_route (id_route, id_location) VALUES (3, 4)
INSERT INTO location_route (id_route, id_location) VALUES (3, 7)